Current__abs_energy,Audio__mean_abs_change,Audio__cid_ce__normalize_False,Audio__number_crossing_m__m_1,"Audio__agg_linear_trend__attr_""intercept""__chunk_len_50__f_agg_""min""",Current__sum_of_reoccurring_data_points,Current__sum_values,Audio__spkt_welch_density__coeff_5,Audio__range_count__max_1__min_-1,Audio__spkt_welch_density__coeff_8,Audio__lempel_ziv_complexity__bins_3,Audio__benford_correlation,Audio__lempel_ziv_complexity__bins_5,"Audio__agg_linear_trend__attr_""intercept""__chunk_len_10__f_agg_""min""",Audio__quantile__q_0.8,Audio__quantile__q_0.2,"Audio__agg_linear_trend__attr_""intercept""__chunk_len_10__f_agg_""max""","Audio__agg_linear_trend__attr_""intercept""__chunk_len_50__f_agg_""max""","Audio__agg_linear_trend__attr_""intercept""__chunk_len_5__f_agg_""min""",Voltage__quantile__q_0.7,"Audio__agg_linear_trend__attr_""intercept""__chunk_len_5__f_agg_""max""",Audio__variance,Audio__variation_coefficient,Audio__standard_deviation,Audio__root_mean_square,Voltage__quantile__q_0.6,Voltage__median,Audio__c3__lag_1,Audio__quantile__q_0.1,Audio__energy_ratio_by_chunks__num_segments_10__segment_focus_0,Audio__c3__lag_2,Audio__quantile__q_0.9,Current__mean,Audio__c3__lag_3,Audio__binned_entropy__max_bins_10,Voltage__index_mass_quantile__q_0.1,Voltage__energy_ratio_by_chunks__num_segments_10__segment_focus_0,Current__quantile__q_0.3,Voltage__root_mean_square,Voltage__c3__lag_1,Voltage__c3__lag_3,Voltage__c3__lag_2,Voltage__quantile__q_0.1,Audio__absolute_sum_of_changes,Voltage__mean,"Audio__agg_linear_trend__attr_""intercept""__chunk_len_50__f_agg_""var""",Audio__lempel_ziv_complexity__bins_100,"Audio__agg_linear_trend__attr_""intercept""__chunk_len_10__f_agg_""var""",Audio__quantile__q_0.7,Audio__energy_ratio_by_chunks__num_segments_10__segment_focus_9,Current__quantile__q_0.4,Current__ratio_beyond_r_sigma__r_2,Voltage__quantile__q_0.2,Current__energy_ratio_by_chunks__num_segments_10__segment_focus_3,"Audio__agg_linear_trend__attr_""intercept""__chunk_len_5__f_agg_""var""",Current__variation_coefficient,Current__median,Audio__large_standard_deviation__r_0.15000000000000002,Audio__energy_ratio_by_chunks__num_segments_10__segment_focus_6,Audio__kurtosis,Audio__quantile__q_0.3,Voltage__ratio_beyond_r_sigma__r_1
11660743.585213332,0.04163695372271754,36.49598622560112,3830.0,1.3961425541164514,1616739.8775860001,1616939.3247159994,6.294077625279488,18848.0,0.6178467168919587,0.027813077634011092,0.9417764586677638,0.041113100739371536,1.641676277186294,2.055664,1.459961,1.8664763973219902,2.1035209259621097,1.7000537162638287,19.340092,1.8085506761936627,0.19036817620218752,0.24871870277045355,0.43631201702702105,1.8076842097987034,18.553417,18.492905,6.375330964141496,1.191406,0.09414158633159282,6.322043615629036,2.30957,4.669995739128926,6.245301830519612,1.9040807707424563,0.09502945933456562,0.11059707640811016,0.74412,18.75837022002645,6611.788880151209,6611.18810885936,6611.436672085671,18.262953,14416.33722,18.74627316807994,0.10115687818370943,0.1690619223659889,0.013985800941449323,1.879883,0.09479749634477082,5.358377,0.02065619223659889,18.335569,0.09885857844112299,0.003934633420961591,0.7377292250651701,5.724588,1.0,0.10368379671302291,0.8691665127774533,1.635742,0.32660004621072086
10280794.6943751,0.03938651547871665,46.84623966923434,7170.0,1.338669373462505,1602435.6721030003,1602745.4570659997,2.0337652702509708,69294.0,0.6493672954138259,0.023614178445229683,0.9427547410753943,0.03672887220259129,1.6494469581056523,2.241211,1.279297,1.861867913482229,2.1686797752435036,1.7058860255268,19.461119,1.805302490983798,0.38576886538334143,0.35366153902388514,0.6211029426619563,1.862802353784804,19.3764,19.303783,7.421105105884425,0.844727,0.08873343502829795,7.36758784555791,2.641602,2.9496934943058006,7.290407875647849,2.120837153333837,0.09702407243816255,0.10610524504206986,0.524393,19.099315980564334,6972.371726901286,6970.794728172057,6971.440380930033,18.492905,21401.017664,19.08948656690592,0.15628659096246839,0.15395502061248528,0.013483636677334385,1.972656,0.09103671011529715,0.670878,0.026595627208480566,18.650238,0.10893375796313907,0.0036665647018787354,1.0838031794019447,1.110331,1.0,0.10759049209692403,-0.19633750983129428,1.552734,0.10726774146054181
5840634.195350323,0.02104187178095343,19.856006201971418,680.0,1.4823185811896677,1052260.512777,1052426.3768250002,1.529929212606432,3073.0,0.20832320966783846,0.014907227964398508,0.9201672093818704,0.02617400588573069,1.6744244375169282,1.933594,1.577148,1.8335855448781353,2.0231385263971493,1.71636059778219,19.42481,1.7916260977226197,0.06667349756856043,0.14721659142257987,0.25821211739296906,1.7728653851957148,19.400606,19.291681,5.741014089989556,1.44043,0.09789046266009702,5.728843659277218,2.06543,2.360631946294951,5.710068050233253,1.4940844655665597,0.0977381208728108,0.10461660775743357,0.524393,19.217615416026504,7095.684060847731,7092.680231240501,7093.9543920434835,18.565519,9380.950403,19.211385784735686,0.05008797171042881,0.13530900086132644,0.005323159628476397,1.84082,0.09826540761522741,0.524393,0.05916684610967557,18.759163,0.09725203049012246,0.0014146508736965408,1.1622958522579192,0.670878,0.0,0.10144632972782668,1.56958164324984,1.669922,0.19311208010335917
5079392.450356484,0.019919220845559842,19.759632134193627,192.0,1.5211726586815297,996263.0901479999,996525.106434,2.550016910195774,666.0,0.20740050145341762,0.015357704402515724,0.9104842970416053,0.026851415094339623,1.6778844763274237,1.914062,1.59668,1.8302612846535593,1.9900430376321032,1.7179255272083953,19.473221,1.7899871967840466,0.045426485290537236,0.12152059353369174,0.21313489927868978,1.7668021062811647,19.436914,19.412708,5.63029679955494,1.484375,0.09854730389943653,5.6199869648473095,2.021484,1.9585792186202828,5.603913574608236,1.4500191081121814,0.09822916666666667,0.10349136472863987,0.524393,19.29752741424802,7183.8736844437635,7181.373887462425,7182.243744429661,18.686546,10134.879647000002,19.292196897612033,0.034536070096037444,0.13187106918238994,0.004522576330042656,1.831055,0.09891587529730338,0.524393,0.07154874213836478,18.916498,0.1141508175563252,0.001201752435471446,1.2658791125043012,0.670878,0.0,0.10060326993823118,0.9751775528196425,1.674805,0.18984866352201257
14138281.468420064,0.02889877178456497,32.46375531532043,2652.0,1.4926805738100384,1783580.0902230002,1783729.8440529995,2.394808142840152,13235.0,0.20360704890827533,0.019119392599869025,0.9338120290437699,0.031785499890853525,1.6783680005520578,1.987305,1.523438,1.830748918254385,2.0138443521042424,1.717470558942883,19.3764,1.7910853464938006,0.11436761362546105,0.19278910116603126,0.3381828109550529,1.78646095907922,19.32799,19.267475,5.988168259953504,1.352539,0.09651410560645658,5.963327574780217,2.15332,3.0419972509635578,5.927084263871446,1.6981194928442174,0.09693230189914866,0.10627879653596946,0.524393,19.03299032088971,6903.5380243938325,6901.88559920688,6902.622597660253,18.420288,16945.286115000006,19.019907097728726,0.038421423873707464,0.1476240176817289,0.0039912632961626865,1.879883,0.09743442764441601,0.670878,0.036952903296223534,18.613932,0.2648601726687681,0.0011285050626571964,1.267125049668107,0.890604,0.0,0.10143555387288751,1.7050812302181013,1.635742,0.09883554354944335
6384966.37858557,0.023749853680524687,25.03973846556826,1140.0,1.4629895677101636,1252506.952006,1252701.110935,2.299297269443786,5068.0,0.18166299651319445,0.0162537548175017,0.925558354252714,0.0279344253003854,1.667729397266478,1.953125,1.557617,1.8405822028628298,2.0510578174175764,1.7132461545110078,19.3764,1.79491367846461,0.07824389532142759,0.1594788843801941,0.2797211027459809,1.7761342805424654,19.291681,19.267475,5.8012869287037505,1.40625,0.09756048405533735,5.785776168924193,2.099609,2.21870946025384,5.762183675469704,1.5690917464162188,0.09797416968941283,0.10411700356030212,0.524393,19.16979167372854,7042.717812725538,7040.09991337251,7041.204826352658,18.577623,13409.333637000002,19.164490729885163,0.05753030696190264,0.14071001473588757,0.006136499200418452,1.855469,0.09791736638754794,0.524393,0.06067572545907957,18.771265,0.1317550930987581,0.0016339901234794347,1.1389745368893154,0.670878,0.0,0.10059970204102169,1.4038386592331564,1.655273,0.19133628995692586
10715517.55332994,0.03214079035246452,29.605116183293912,2482.0,1.4634249926168996,1346022.4207300001,1346096.199012,3.6360574701795962,12914.0,0.25817957449462337,0.02335579437096278,0.9404983676584568,0.03621001230390649,1.6649755588150943,2.026367,1.489258,1.8429374356757073,2.0397971982639245,1.711258870112056,19.303783,1.7968122866531677,0.13886517835126508,0.21245230251498395,0.37264618386784143,1.7931707067271845,19.219065,19.182756,6.11212100643031,1.289062,0.09563796773297535,6.082786444118399,2.211914,3.234812843673101,6.039422477685884,1.8241022120392207,0.09685962011688712,0.10644348283905454,0.524393,18.945391061049254,6808.55398358425,6806.703764210933,6807.5742977819145,18.311363,13374.650667000004,18.932141016653528,0.057642339606196275,0.16319978468163643,0.006880411209528299,1.894531,0.0980731289632853,0.670878,0.03405442556136573,18.517109,0.05292046125778331,0.0018687696241352666,1.2086627319959855,1.183573,1.0,0.10031642995231092,1.0787543422188635,1.625977,0.09348565825899723
5507574.692361664,0.030862600024746507,31.861637160590586,3858.0,1.3971739548917812,1010364.848154,1010567.3302410005,2.3828836890999527,29688.0,0.3087569101985811,0.021288465545984996,0.9431283049678845,0.033533620450125035,1.6590315621992269,2.060547,1.459961,1.8503613713759606,2.1102573730835177,1.7100738959715789,19.42481,1.7992686095336665,0.21533770333658053,0.2644702876070777,0.46404493676429714,1.8149463129380479,19.32799,19.231169,6.517422529507452,1.171875,0.09336982811955694,6.487247799547185,2.329102,2.1936808189796655,6.441881599512577,1.923974282221969,0.09803504445679355,0.10398671312282344,0.524393,19.163105858357536,7035.5265750646195,7032.640489087635,7033.899054545721,18.505007,14217.504815999999,19.157065758978185,0.1167563155682747,0.15534697138093914,0.010592273725444516,1.899414,0.09456305525621943,0.524393,0.0706858676021117,18.722855,0.14405749199296686,0.0028730808867232028,1.218359982433217,0.670878,1.0,0.10088183689647627,0.9135194621166365,1.625977,0.19553608641289247
9248347.896954477,0.02967529517049778,31.19319207119985,3046.0,1.5476090141069485,1499402.3009520003,1499589.3818410006,1.995506736542249,16350.0,0.17616601584902122,0.021013794697903824,0.9385140471141459,0.03344250924784217,1.694193768615019,2.016602,1.499023,1.8131907401820948,1.954238199155927,1.7259594446376643,19.3764,1.7816969798701354,0.1363925838439142,0.21055337396621382,0.3693136659317039,1.7924729750450128,19.303783,19.206963,6.100946173499607,1.298828,0.09581408580789896,6.0755563877163485,2.207031,2.889159567357045,6.038288913777626,1.8066738874241033,0.09725840012330456,0.10561187190990036,0.524393,19.0108336338715,6875.090026652282,6873.496096376172,6874.13207447595,18.43239,15402.635529999998,19.0018406558955,0.02299995936025445,0.1532714241676942,0.00209642897195254,1.889648,0.09840513943046769,0.670878,0.022358585080147965,18.553417,0.07133796908293905,0.000505425326099547,1.065184735548956,0.890604,0.0,0.10333780287851735,1.1497660031332577,1.625977,0.1064079839704069
10569526.308496589,0.03761723708920685,37.95412968303768,4864.0,1.434026207572448,1797517.0041180004,1797758.0762099992,2.8480417233023054,29167.0,0.23003599725755994,0.025358293758480324,0.9449978349182325,0.03887805291723202,1.653275517467807,2.084961,1.430664,1.8555982275994947,2.064036255214825,1.7044764958218743,18.783369,1.8044563363638204,0.21129570516247878,0.26203721131539615,0.4596691257442453,1.8134385935426776,18.686546,18.638136,6.4882530717217834,1.157227,0.0935546591230288,6.446874711183974,2.348633,3.8113934790747948,6.387865869534489,1.9828019815306357,0.09612873134328358,0.10813225686906856,3.234354,18.78477824882037,6634.815245223709,6634.37453742351,6634.544148270832,18.444492,17743.260772999998,18.77723913044649,0.06478668001685749,0.16581368724559023,0.010570946671615745,1.914062,0.09745904429925871,3.966776,0.018962008141112617,18.492905,0.09601361244298184,0.0031175943335308236,0.7365829217186954,4.332987,1.0,0.10170383862495457,0.5590302709672188,1.606445,0.2769186736770692
8775596.273389112,0.030072868505801185,29.49692020962992,2524.0,1.453431007318676,1114292.9916869998,1114440.413465,3.564125616775472,12980.0,0.28960426045831367,0.020666586751254056,0.9339971477994602,0.03279451903216288,1.6602601233465466,1.992188,1.523438,1.848345923829247,2.05063790247002,1.7099727599960521,19.388502,1.798113618851045,0.12650644888239806,0.20278786497228343,0.35567745062401424,1.789638742960442,19.291681,19.231169,6.046862445047254,1.328125,0.09601293183114201,6.019200080878159,2.182617,2.5690663116539723,5.977137326000284,1.7465703185659793,0.09766662363529065,0.10471163093875258,0.524393,19.054320032645027,6923.339776876695,6921.088977067681,6922.016935939489,18.287159,13045.339702000001,19.042492610850363,0.07430515863775965,0.15360357037474182,0.009194570561552403,1.865234,0.09686684025131245,0.524393,0.029931395691944526,18.613932,0.09680685075035654,0.0023691418275483505,1.4370451383063176,0.670878,0.0,0.09965478007640874,1.558709774256307,1.655273,0.13559493951018
4715021.704351644,0.02403703547766668,22.773990520825258,998.0,1.4373889642764952,853079.733462,853166.9735500001,2.086509511484471,4594.0,0.22325986160935382,0.016660278941070895,0.9231858187104633,0.02808807583009273,1.6558557283592015,1.943359,1.567383,1.8521703232858782,2.0665878818092507,1.70760093139011,19.388502,1.800021779923487,0.0771248713124455,0.15834994560020668,0.27771364984898655,1.7756487754543324,19.279579,19.243271,5.791797256938013,1.416016,0.09752442331996011,5.775147977716308,2.094727,1.9938279930778868,5.749243493048577,1.5382160420519126,0.09826970535447203,0.10349067819757081,0.524393,19.15354525461892,7024.320812249598,7021.573771062858,7022.5633390910225,18.468699,10285.519592000004,19.147549867266953,0.06646387481706055,0.13509572240502543,0.00821491444336756,1.84082,0.0978142454978587,0.524393,0.07992914298534251,18.759163,0.15682409842316453,0.002175549062081352,1.3310899739581628,0.670878,0.0,0.10014726213081901,1.8411094350323345,1.669922,0.18776875186957823
8303640.608421058,0.023058638397890723,24.092716406220926,1022.0,1.4656786111651299,1385610.384036,1385796.061624,1.521768897451141,4329.0,0.1102401556099975,0.01502785409035409,0.9212903745416026,0.027430555555555555,1.666133664468125,1.938477,1.572266,1.842262364814089,2.0375381949255464,1.7110751105020272,19.243271,1.7971643167763114,0.07049389242221504,0.15136659279506254,0.26550685946358343,1.7740457456590608,19.182756,19.158552,5.760990184259948,1.44043,0.09782392059962956,5.74584079113503,2.070312,2.6438416926587305,5.72383951391665,1.505657129331493,0.09749885531135531,0.10504431361815049,0.524393,19.00591057226368,6867.579119047663,6865.5394535471305,6866.449902142877,18.468699,12086.392844000004,18.998408712959787,0.05211367485908528,0.14094551282051282,0.0069642185872482885,1.850586,0.09925275753318376,0.670878,0.020657814407814407,18.613932,0.38962795162475783,0.0020032444697073975,1.125337929284595,0.817362,0.0,0.10019235593444871,1.9865933754760148,1.665039,0.11346916971916972
12431147.108894276,0.04635462087061424,45.2154542619785,5630.0,1.319002954941574,1969409.6047480002,1969598.7130240004,6.522851425970398,26533.0,0.5908272157954412,0.029726372605090076,0.9455505950573497,0.04394168215613383,1.6133886554240249,2.099609,1.425781,1.896012011886725,2.182709958834762,1.6858559613456046,18.577623,1.8236088260645906,0.20674935933054714,0.2592027517273802,0.4546969972746105,1.8121850848999443,18.492905,18.444492,6.458075832700735,1.166992,0.09368626404595562,6.3958349802732135,2.338867,4.400197296396913,6.307700571213235,1.9956323669867337,0.09553054403774663,0.10948364745033264,4.186502,18.61199049892485,6454.074660205467,6453.521566448793,6453.746510573071,18.226645,20749.023620999993,18.603965899389213,0.12155394898313801,0.17689716185301688,0.019228459951180783,1.923828,0.09613103539593214,4.77244,0.01766022662281956,18.299261,0.09479590925588366,0.005531642627746847,0.6590678009262431,5.065409,1.0,0.10225286492426629,0.51018091122743,1.59668,0.29301231412639406
12899285.619567199,0.03391322016245237,37.05922637867981,3596.0,1.421306040181039,1533400.515794,1533400.5157940001,4.124538580573027,19403.0,0.45488903453856694,0.02205858031225192,0.935617638177557,0.03470453492987563,1.6482885645531482,1.99707,1.518555,1.8603281261755351,2.0881931650767984,1.7039307663583263,19.32799,1.8044918179678322,0.15394205202208952,0.22365133526663136,0.39235449789965393,1.797653188199583,19.243271,19.182756,6.190277077969184,1.289062,0.09517940110803332,6.151674494508391,2.216797,3.1700692060440927,6.0956550418851805,1.8045650919389047,0.09693784731410426,0.10624774298473674,0.524393,18.90215112069407,6763.002920523882,6761.133297960193,6761.877752654705,17.911976,16404.197637999998,18.886961917572847,0.08424216610863608,0.1561652388197936,0.011766292680104134,1.865234,0.0954173767369412,0.670878,0.02325350621857634,18.371878,0.05293973977330414,0.003270938454492546,1.285937695941937,0.74412,1.0,0.1062200460420603,1.709414293739664,1.650391,0.1728755953956073
13030305.751441663,0.03792915559064771,38.71326125281314,4086.0,1.5026304613569375,1826764.5780159999,1826859.7547109998,3.828506454681384,19418.0,0.3747588723545977,0.02479337165497532,0.9421195333923921,0.03879660301376981,1.6820233623881142,2.036133,1.479492,1.8265157237578735,2.0024906554901563,1.7192333066737664,19.19486,1.7888203472052897,0.15829715865130367,0.22679358891615264,0.3978657545596299,1.798858777194495,19.122244,18.795471,6.211653016763585,1.264648,0.09513877352873674,6.169831301132576,2.241211,3.7080649087242623,6.1102724930589005,1.8669206614894067,0.09635416666666667,0.10756865176800451,0.670878,18.73930374692094,6589.129617108215,6587.965039841525,6588.466585002221,18.154028,18686.595014,18.727658292421737,0.04734803492672458,0.17061452650038972,0.004720585529714336,1.90918,0.0967850794166849,0.890604,0.026948964016627695,18.238749,0.18707548086938214,0.0013064029025567211,0.9610118402242747,3.600565,1.0,0.10465763769431623,1.0008082150415358,1.611328,0.18508865939204988
7775607.627915196,0.03534693079591525,29.456078835186997,2556.0,1.4333565227625336,1152969.967505,1153233.1587360005,3.7149963005944193,12821.0,0.2542242157034034,0.025716552226383686,0.9390706676102838,0.03882516645859343,1.6582056829772938,2.026367,1.494141,1.8500507031399398,2.068226252046006,1.7076951557383684,19.231169,1.801134906782093,0.1575496984113121,0.2262644400474565,0.3969253058338711,1.7985985935511406,18.674444,18.480801,6.208003463123449,1.259766,0.09511816938652852,6.1691906540442885,2.250977,3.749327529182274,6.113840383227124,1.8590974394155184,0.09640618497711194,0.10748439592116933,0.670878,18.706671786038978,6554.356389927262,6553.616007830217,6553.927464563473,18.287159,10872.115015,18.696748014506607,0.08797304445311643,0.17066557428214732,0.011174168156242338,1.865234,0.0961290508064772,3.527323,0.027537193091968372,18.359774,0.12051703176317023,0.003223799104499415,0.8934802753667154,4.552713,1.0,0.10317369845877152,1.1435069765468002,1.650391,0.21369121930919685
13725839.341394624,0.03997941423113478,43.34318542662566,5784.0,1.3386406006309208,2360915.808296,2361299.95748,3.6136107674830877,29870.0,0.3374613825266646,0.026576002658985153,0.9459982924826185,0.039964408375803236,1.624199321905317,2.084961,1.430664,1.8840647470465177,2.160932742548582,1.690720809288028,18.577623,1.8185322947732983,0.19313948759677976,0.2505225769391817,0.43947637888375723,1.808450334619247,18.529213,18.492905,6.39323064588585,1.191406,0.0942830609147144,6.348721426675803,2.319336,4.087670267629625,6.285472664100609,1.9737114938844202,0.09594158541989807,0.10847099391001624,3.600565,18.595428649091982,6435.5801051046965,6435.211643574689,6435.342106113054,18.226645,23094.62836300001,18.588784856681393,0.11093643356549181,0.16793499335253712,0.01639020085089709,1.928711,0.09750610125523365,4.11326,0.015446695656990915,18.299261,0.10412541802006825,0.004861012008261141,0.6496462670422319,4.479471,1.0,0.10046180703584855,0.5103002719762926,1.586914,0.26246053068912034
11973494.5743062,0.036672998912931444,32.60547328504098,3038.0,1.3958261518035493,1370464.951548,1370528.5608609999,4.247375488395976,16615.0,0.5189677262958776,0.025089964014394242,0.9393939794255024,0.03869077369052379,1.6423023996164499,2.026367,1.489258,1.8662971971854254,2.105504203351987,1.6998830318639158,19.219065,1.8092634152900549,0.1821787964367332,0.24334093930746523,0.42682408136928407,1.80520179617508,19.122244,18.686546,6.333603363794305,1.230469,0.09434823656363171,6.288652824029188,2.275391,4.281189276979832,6.224422789046256,1.8409909275188894,0.09584291283486605,0.1086682990031105,0.670878,18.6223044837651,6472.811951793106,6471.942319866081,6472.3186691020655,17.790949,11740.017123000005,18.605123716329096,0.10315345036325663,0.163484606157537,0.014503869082715785,1.865234,0.09384028817992535,0.74412,0.039818447620951616,18.117722,0.23882860409467097,0.00419699519024957,1.020122262665718,3.966776,1.0,0.10608843220718917,1.2608922765449022,1.655273,0.2572939574170332
12994280.241470698,0.040440408087534754,41.18996651657789,5358.0,1.3317224375911971,2160768.271398,2161205.105112001,4.001897532918509,28480.0,0.3474916745844803,0.027211151621825497,0.9462549740629255,0.04096013012320845,1.6190161096021267,2.104492,1.416016,1.8897988079571315,2.164664088942573,1.6880428259592293,18.565519,1.8211074854367886,0.2010945211489249,0.2556451565037185,0.44843563768831407,1.810546201323172,18.517109,18.480801,6.433035154423712,1.171875,0.09392377698659199,6.38727744451062,2.333984,4.245515434671236,6.321997309487678,1.9939464213622353,0.09573013578073925,0.1089867565185048,3.673807,18.561488172577945,6400.6116213307205,6400.137849504306,6400.3391079180265,18.166132,20586.391939000005,18.554689440187325,0.10591138111179316,0.16962770304249433,0.016798907117334054,1.933594,0.09754409623323046,4.186502,0.01865806512446568,18.250851,0.10643544482203493,0.004920660644836189,0.6451387528750262,4.552713,1.0,0.10025699451008807,0.4159107666186235,1.586914,0.2531312861453357
4196950.178790816,0.023839543203846597,21.950035034134274,1316.0,1.4703821154112753,856794.590175,857023.2695670001,1.608578881594139,6260.0,0.17263215503774798,0.018048695075199055,0.9309909793482123,0.029086644795045708,1.6709863591301461,1.972656,1.542969,1.8369754459127388,2.0400372157727236,1.7146436526781739,19.170654,1.7934801990597584,0.09201716695535926,0.1729475474134209,0.30334331532993974,1.7799993304744266,19.158552,19.134346,5.8709225215417655,1.37207,0.0970442131177241,5.855408628460044,2.133789,1.974489617662102,5.83136454452044,1.6436124762799946,0.09839464759657918,0.10324219029710749,0.524393,19.031641384550777,6891.125939128744,6888.853064382325,6889.688901010151,18.456596,10347.482209000003,19.026843567045578,0.05594960530712736,0.14445637348864643,0.005723814557700373,1.865234,0.09735981482652949,0.524393,0.07316471910940725,18.662342,0.11009393339959543,0.0015327431927391671,1.216633863294334,0.670878,0.0,0.10156888262408886,1.1680955175183327,1.655273,0.19248562370982011
8863370.144822063,0.03768405689141708,30.315174805389827,2742.0,1.4103629796841493,1102786.1113139999,1102822.3778960002,5.272350240989902,15050.0,0.34312552401651447,0.0270524548402038,0.9416263888254807,0.04038689786938397,1.6469757531060056,2.050781,1.469727,1.8624212525724673,2.0919934914802596,1.7021828721710668,19.255373,1.8076528683503925,0.18892702253219595,0.24778386193571858,0.4346573622201699,1.8072278815618736,18.710752,18.43239,6.369467269449822,1.206055,0.09418545313357149,6.324149337236679,2.304688,3.990643736596805,6.258920425749777,1.9305707029503993,0.09622872278832793,0.1078411703834202,0.670878,18.64678080586841,6495.67259796068,6495.206955334656,6495.385142434446,18.20244,10414.026806000002,18.63301576412691,0.10435794912507751,0.1758047707271885,0.014153619355585397,1.875,0.09609249999117779,2.941386,0.029397290412227883,18.262953,0.08442436794054398,0.004021863096791022,1.0069546977910155,4.77244,1.0,0.10299035558399049,0.9542816593464631,1.650391,0.22651183997220936
12035959.049546687,0.04301254084499737,38.21010384622716,4204.0,1.328486148226371,1604012.604303,1604123.528073,5.907376396522603,22496.0,0.5268495862090146,0.029186646993729252,0.9447656342149195,0.042751175765400225,1.6193137025774904,2.099609,1.430664,1.8898402066214606,2.1724314207263915,1.6887736558309583,18.541315,1.8207387124412306,0.2170940447287416,0.26563734298718683,0.4659335196449614,1.8148510306230474,18.43239,18.359774,6.512001342094912,1.152344,0.09334874684237862,6.454927651251282,2.353516,4.622727798993107,6.3739653307808455,1.9797843869192786,0.0955309387679823,0.10944577246584933,3.820292,18.478916338662415,6319.905861297624,6319.300431384096,6319.570184210845,18.008797,14925.652761000003,18.467476408515083,0.12428989958585931,0.1731660365178901,0.017836569672684106,1.904297,0.09341014170142793,4.699198,0.02471412762818148,18.117722,0.07532326618923477,0.005077201448458984,0.7893651621202861,5.138651,1.0,0.1025998569957047,0.6137074933961837,1.611328,0.31247694577646623
3421469.828494745,0.022157357813840484,20.990121876612584,960.0,1.4475593588838915,707027.1669770001,707315.5738470001,2.8668039870096793,4395.0,0.108483545927066,0.016559808520455244,0.9214630942996798,0.026422158566594894,1.6578424526640374,1.928711,1.586914,1.8501673571798958,2.0535562152856763,1.7087332911784876,19.267475,1.7990117076275682,0.073656076636781,0.15474234036875167,0.27139653025928867,1.7747348828797882,19.206963,19.146448,5.774447143606361,1.425781,0.09762318280016735,5.759935072347437,2.084961,1.6997548202644381,5.737115491138717,1.5381336453512653,0.09871722162411566,0.10256985767756037,0.451151,19.07524287593138,6938.596451224516,6936.687203244961,6937.282839886786,18.468699,9220.274834999998,19.07061366251249,0.0686016909828246,0.13975988157490002,0.008518058894693436,1.831055,0.09764762436088192,0.524393,0.08410392956013535,18.759163,0.16519129172237562,0.00224489800200979,1.3586235351777198,0.524393,0.0,0.10132857423358688,1.7131231982852966,1.68457,0.1806919986158105
14340983.05542797,0.041896118458839185,45.35329659418032,6346.0,1.3224337027029593,2527175.650103,2527300.4400380007,3.606389200187163,31239.0,0.3362066571714842,0.027687459858702634,0.9469102742180244,0.04131208520659388,1.6215241116372336,2.104492,1.416016,1.8866151132606768,2.1695770283874936,1.6895719109395095,18.492905,1.8190791428567377,0.19425087694072557,0.25127842254929156,0.4407390122745269,1.8085132668682289,18.444492,18.420288,6.3939227297812025,1.181641,0.09432309761141856,6.34690014207118,2.319336,4.227046604109801,6.280398755645109,1.9871872405056197,0.09591428494968958,0.10834425294445632,4.11326,18.532011791780874,6369.022272623725,6368.598605692109,6368.780824627979,18.250851,25049.144576999985,18.526527898556246,0.1046916757179577,0.17051354099764504,0.015040470864755715,1.938477,0.09761861159175517,4.479471,0.017138661421537145,18.299261,0.10368715024886305,0.004350051973909866,0.585157662378648,4.699198,1.0,0.101687345250749,0.3682682002616593,1.582031,0.22990426300578035
13190058.444035204,0.04524330947462637,41.13344371757698,5248.0,1.2659598086768276,1700026.39175,1700139.0850320002,6.815357136674462,31629.0,0.5582372704563319,0.029195227907789032,0.9461164812000108,0.04348039643730353,1.608970330004208,2.15332,1.37207,1.901000971009026,2.2350087762839705,1.6847435697059772,18.492905,1.8249370503370779,0.270409356878193,0.2963999601275765,0.5200089969204312,1.8298597774136038,18.420288,18.359774,6.791094898511101,1.054688,0.0917896502884885,6.728317317025401,2.441406,4.639307230811212,6.638158677754243,2.0607783157876858,0.09551006374432414,0.10948008474554446,4.11326,18.452597787094522,6293.927006784554,6293.481470515156,6293.68964838617,18.020899,16579.99892,18.440219282213263,0.16707188192738298,0.1735804881243451,0.02048709762243053,1.938477,0.09396828439126163,4.625956,0.021794773838630807,18.141926,0.07088547118672692,0.005751324398057575,0.8199271513834613,4.992167,1.0,0.10353293204672401,0.23624390397312123,1.591797,0.2807888360111771
11279302.618136093,0.02918390990427788,31.11682400281375,2540.0,1.4467278857848282,1450523.516605,1450766.8358080003,5.254546898240059,13113.0,0.32546100718362264,0.019329618424302298,0.931956982321824,0.031709218325512475,1.66343958719901,1.977539,1.52832,1.8436063216417395,2.058993935059935,1.7114567979330164,19.19486,1.7959137879966622,0.1173613627345852,0.1953386020197673,0.3425804470990503,1.7869238702500747,19.098038,18.989115,5.999964360755107,1.347656,0.09651232547315725,5.974552318730218,2.163086,2.799238306927637,5.936174113710252,1.7050603528196395,0.0975221505309953,0.10498086699931983,0.524393,18.832324101883646,6681.704169329816,6678.383248090469,6679.933361607218,17.996695,15125.17417,18.820807948023425,0.06785882632636056,0.1465658959002223,0.007301035590738199,1.865234,0.09659271135269314,0.524393,0.03905671153371203,18.323467,0.10316273771255736,0.001937119706342991,1.333206830991997,0.670878,0.0,0.10420509011409099,1.694203411943671,1.650391,0.1637769356631267
13507893.408833535,0.04376582410225879,38.274050673048734,4524.0,1.3041397983278966,1684407.947219,1684444.0057730004,6.619180159520673,22987.0,0.46208831276802864,0.02947227191413238,0.9454548970347448,0.043358676207513415,1.6125714398208555,2.109375,1.40625,1.8954337739425882,2.204980030617376,1.6859126976930603,18.480801,1.8228709594636334,0.21880205834245495,0.26664636772561107,0.4677628227450905,1.81553697055826,18.396082,18.335569,6.523535220026483,1.142578,0.09330057367803381,6.4669524282167234,2.358398,4.708307261217018,6.3860697735717675,2.0108673161655095,0.09544666815742398,0.10961089438067954,4.186502,18.438140807026645,6280.351791272198,6279.990747266579,6280.157883413854,17.996695,15657.617465000001,18.424502003622546,0.1379241791530902,0.17878186493738818,0.01891124622509062,1.918945,0.09473239272919581,4.77244,0.021978421288014312,18.129824,0.06945763161484665,0.005425001843826759,0.8385716167950968,5.065409,1.0,0.10273880571082603,0.4664316116242193,1.606445,0.2787483228980322
2959412.0590711604,0.02389590805443069,21.233989614696846,1120.0,1.4386371140769583,595054.078497,595190.2911580001,1.9268333850561135,5301.0,0.11731303312538588,0.017778237240075614,0.9219601478394701,0.028039343100189035,1.6557296557007748,1.928711,1.586914,1.8521684189399805,2.0692184886549203,1.7077730572471244,19.255373,1.7998532914389493,0.0854829595651657,0.16671078492062022,0.2923746903635226,1.7779878862179683,19.19486,19.122244,5.834659092214446,1.40625,0.09728077780073466,5.816114742947136,2.104492,1.7580053495923917,5.786974823735725,1.5550908796783967,0.09866788752362948,0.10267113806389046,0.451151,19.046648487858594,6907.587988472524,6905.57962644949,6906.267157163134,18.43239,8090.174735,19.041779271535322,0.07436934707421988,0.13758861058601135,0.009187457928346573,1.821289,0.09734187035154249,0.524393,0.0841446124763705,18.710752,0.17952629660742545,0.002424459176587213,1.3521559179746756,0.670878,0.0,0.10216654437865685,2.1629016425548713,1.689453,0.18264118620037806
8427372.520556584,0.030906280389057798,33.19859293859663,3318.0,1.3634839056199766,1352006.991924,1352086.1636739997,2.4538325427673975,17917.0,0.29897823747512525,0.020537773933102653,0.9369002522549212,0.03214388696655133,1.6363222397381263,2.006836,1.513672,1.8714984960451042,2.1346239823603006,1.6989246031445135,19.134346,1.8088363222534227,0.13277548772046607,0.20775035716323878,0.36438370946087323,1.7914004556076537,19.073833,19.013319,6.076732849360567,1.313477,0.09591856635879968,6.04923324303085,2.192383,2.4367181438761527,6.006463430984965,1.7476640688512288,0.09788062283737024,0.10429205917984384,0.524393,18.891857136395288,6740.205765664644,6736.625581879503,6738.118340322938,18.190336,17149.245956000002,18.884266578443984,0.08978234969607662,0.1482068194925029,0.010711906965618549,1.884766,0.09610708243752313,0.524393,0.06260632929642446,18.43239,0.09744546915699721,0.0028240413858752326,1.2481561999182704,0.670878,0.0,0.10458358268372962,1.3479417689559874,1.640625,0.18409566032295271
9609499.716196641,0.02966035135319308,35.932864098468905,3286.0,1.4272422226517298,1672126.031033,1672205.6305370007,6.556709021758478,15111.0,0.40468001325274244,0.019483816487087396,0.9374311251810961,0.030854498033179408,1.6531580520257125,2.006836,1.508789,1.8540877204796522,2.0692187048584976,1.7072942062189969,19.122244,1.800530465061972,0.11107636244083516,0.1900259570713663,0.3332812062520705,1.7852572282195762,19.049627,19.013319,5.965848973062841,1.333008,0.09692238939277867,5.942145410127713,2.163086,2.2343264047494986,5.905174760710456,1.6917784973669203,0.09834904651958269,0.10330738529053368,0.524393,18.911609001753728,6760.442708561865,6757.321899426837,6758.395192259841,18.250851,22198.251858,18.904930935527837,0.06650371558216694,0.13819586967675732,0.008235685328968631,1.894531,0.09751614108221825,0.524393,0.06874652599623739,18.468699,0.09508787434303867,0.0021754144347077967,1.2537789249055784,0.670878,0.0,0.1016356157334207,0.9511582663223868,1.630859,0.18911273943902857
12478808.223252136,0.039502943127449563,40.45906483833327,5562.0,1.344059564697242,2038173.819595,2038446.2393420006,3.5236958250184314,32700.0,0.3305631393801134,0.02618919828249167,0.9461659904563796,0.039997756985388364,1.630464707834961,2.109375,1.411133,1.8782256376932032,2.1535783490839258,1.6944261176925395,18.529213,1.8143228168839725,0.22168548968770208,0.2684010369903081,0.47083488580148997,1.816309106700488,18.420288,18.371878,6.5413205061041815,1.142578,0.09332238196482359,6.496452080857825,2.363281,4.082379196323861,6.431748831150676,2.015076181488845,0.09604107921045886,0.1082883997481608,3.527323,18.520853726766028,6359.033305590343,6358.5845888112935,6358.748388034518,18.178234,19724.88608300001,18.513509273783978,0.10903114358158725,0.16769738528582415,0.01429491870113396,1.933594,0.09574722897555868,4.332987,0.01809431876441938,18.238749,0.1020952680483657,0.004049851532049596,0.7067874244485047,4.699198,1.0,0.10299661582652628,0.4226227797934414,1.586914,0.2803267591643168
11350671.429730691,0.03621791777141358,41.23392504259394,6402.0,1.4530920938156693,2207109.8567950004,2207406.689572,2.9285236103307337,40815.0,0.18207754198630058,0.023604922213064084,0.945636941654472,0.03703089583762621,1.6638243467727651,2.104492,1.411133,1.8450521403785394,2.0473340378704554,1.7107839737820665,18.613932,1.798200688760805,0.2203883127020771,0.2676249018157454,0.4694553362164255,1.8158868763761666,18.492905,18.456596,6.53657105887498,1.142578,0.09340188524262773,6.498926897133267,2.363281,3.553547241351999,6.443800954922291,2.018271509156325,0.0966460823202143,0.1070009381306083,3.161112,18.596067990262085,6434.2942163407515,6433.742858625413,6433.9909590562065,18.311363,22497.954815,18.591006139089227,0.058224982811423576,0.1618602539666186,0.007688441501080756,1.928711,0.0988627848352918,3.74705,0.017532647331547496,18.359774,0.11407025765843871,0.002178091635904644,0.6686019484212847,4.11326,1.0,0.10245073408779737,0.4327378114284164,1.586914,0.27202085050484237
8104270.418378719,0.02953817036805673,29.95881915879151,2986.0,1.3585032729510556,1277929.709151,1278058.7323790002,3.49773629132629,16828.0,0.32667102819318505,0.02022947833376322,0.9377787998467741,0.03236635929842662,1.6402571394052026,2.011719,1.503906,1.867402201373499,2.1395665222031366,1.7006920006083852,19.085936,1.8069332317381201,0.1397470847172971,0.21315083753762176,0.37382761363668293,1.793215546648596,18.989115,18.952806,6.115980980450862,1.293945,0.0956322469086104,6.090981588296345,2.216797,2.575402075499339,6.052235158004882,1.7855930993195808,0.09775196672685066,0.10455505145675337,0.524393,18.81791621890054,6661.648355580154,6657.854539103791,6659.608310202921,18.081413,14658.464735999993,18.809998125419146,0.1052543759208182,0.1463216565643539,0.01068077816110888,1.884766,0.09610160329245956,0.524393,0.05923555584214599,18.323467,0.10984500077375532,0.0028241577140978324,1.2092022986383302,0.670878,0.0,0.10527363297399032,1.199165557749554,1.630859,0.19310597755996906
4133438.3775455495,0.022650622087432692,20.91515256008414,776.0,1.433151965754352,737187.6535690001,737280.5099099999,4.0848247421060595,3462.0,0.12947715289463438,0.016880187128092704,0.9244785160424104,0.027550501096147824,1.6557952940329217,1.943359,1.567383,1.8515915463005583,2.081207170120978,1.7079077640437381,19.146448,1.799364408542443,0.07720234980302203,0.15844117386988657,0.2778531083198855,1.7755425675943097,19.085936,19.061729,5.794047996429507,1.411133,0.09758846934427345,5.779774192984049,2.104492,1.803947379790753,5.757173112815632,1.5573862991476044,0.09860926244910742,0.1027799722917931,0.451151,18.969336926764967,6822.72908851445,6820.101377792509,6821.084354306473,18.299261,9257.377199000004,18.96322709639984,0.07379822496481121,0.13521766363921078,0.007781317174191368,1.84082,0.09774087096317431,0.524393,0.07713406279361103,18.710752,0.12802539287004613,0.0020348941138634293,1.451830838438406,0.524393,0.0,0.10114593480581316,1.330832311576056,1.665039,0.1720266990291262
11910031.486446198,0.04441120905115348,39.63003085401519,4802.0,1.2229112133967142,1575089.056383,1575089.0680809994,6.955571400658767,25939.0,0.5293716384596657,0.029368645201569746,0.9458433520354567,0.04337428647877274,1.5852698295783505,2.119141,1.396484,1.9242865927824158,2.2701982176764575,1.6724121171326345,19.061729,1.8372472960696404,0.2378546804530715,0.2780270201974875,0.4877034759493431,1.8206940753147451,18.371878,18.287159,6.621249618147582,1.113281,0.09271626075248011,6.56131821312836,2.382812,4.390076112872925,6.475255813700613,2.038389419246941,0.09581530948983233,0.10879660399272584,0.74412,18.449180560282592,6289.40236395782,6288.748339241686,6289.056827581634,17.984591,15933.986816999999,18.43778850845355,0.1804442502974604,0.1783245629682483,0.026913372987683457,1.923828,0.09405138289877257,4.479471,0.024231849803781663,18.069309,0.09197178679241091,0.007785653076677551,0.8499452004996567,5.065409,1.0,0.10307253798630989,0.43420399194765213,1.601562,0.3125473822689975
3404561.713052461,0.025429594030208415,23.132500943180418,1178.0,1.3981808368953765,716910.279035,717049.3247439999,6.377377786467329,5042.0,0.12934903173494006,0.019317292644757435,0.9295811554147618,0.029741294992175274,1.6435798305416611,1.962891,1.547852,1.8645646612637812,2.1070229037442294,1.702340380878604,19.098038,1.8056036201901424,0.09075803735311784,0.171776988770138,0.30126074645250056,1.779476614053793,19.073833,19.049627,5.864725407409756,1.37207,0.09710024722660685,5.846153634912779,2.133789,1.753348309722222,5.816802600201106,1.6386349070435502,0.0986697965571205,0.10266532109652263,0.524393,18.96888944068771,6822.714507047432,6820.731323909283,6821.331346577475,18.396082,10399.661345000004,18.96424727481416,0.08345964356664222,0.14431484741784037,0.009745035346254833,1.845703,0.0971775635326224,0.524393,0.0836316510172144,18.626034,0.11720701720794342,0.0025475492019702184,1.3068935774023258,0.670878,0.0,0.1012020105282126,1.162451699218206,1.665039,0.18975449921752738
13610643.963202704,0.04329655547986831,45.66310077041512,6892.0,1.3151040080262684,2313476.4688779996,2313543.520577001,3.855814563150204,38819.0,0.3333277731581687,0.027814703290246767,0.9467966519680063,0.04182762925969448,1.6234752495630818,2.133789,1.386719,1.8857100640522182,2.184167121046942,1.6915579613125296,18.408186,1.817905033404382,0.23654464215828785,0.27720097306603597,0.48635855308433495,1.8206961485209645,18.335569,18.311363,6.618195748936242,1.118164,0.09302781889839812,6.566271517347524,2.387695,4.247839895301485,6.492470547442562,2.0471398109752657,0.09588351938895417,0.10852100703683802,4.11326,18.438977985000747,6273.977513247559,6273.5509628843065,6273.731660602481,18.154028,23580.99268,18.432995723885508,0.121846636345141,0.17135906286721503,0.015374438941194406,1.948242,0.09631380854363077,4.479471,0.018592097532314923,18.214542,0.09942223232045609,0.004312202018578617,0.6204402184750486,4.77244,1.0,0.10193690973642971,0.25458610641228807,1.577148,0.24293478260869567
8210148.51268799,0.03194132673795606,34.819940516784435,4346.0,1.3161979496368483,1374977.613352,1375129.5496870002,4.132735988425934,25827.0,0.2739623792195336,0.021991940322932578,0.9436165002292556,0.03323253054767619,1.6367050167270227,2.055664,1.469727,1.8718404723594073,2.16748154426195,1.6993219512607183,19.001217,1.8092618601786246,0.16340458157479465,0.23043091002986718,0.4042333256608053,1.8002211386381348,18.964909,18.940702,6.236758211600404,1.240234,0.09528605919057603,6.208120433488257,2.260742,2.344141306334211,6.163389427615311,1.8590002037365079,0.09817532184158848,0.10357425234236521,0.524393,18.810433887309998,6652.601496992746,6649.2906221576495,6650.513048052966,18.154028,18737.516915,18.80347380323172,0.11711873079064897,0.15048139864717433,0.01115409719571707,1.914062,0.09528625168409698,0.524393,0.0625835288020947,18.359774,0.10701233856465148,0.0029600495436200034,1.243771971577459,0.670878,1.0,0.10345891224770781,0.7555002636844828,1.616211,0.19018655902247436
5681662.403444352,0.02267118992726727,18.417314162375092,796.0,1.416722361154829,811007.8527259999,811148.44822,1.4698653393008037,3619.0,0.4916200609464468,0.01777535151256924,0.9216806088101124,0.028487164465274818,1.6566714796097497,1.928711,1.582031,1.8499510279074265,2.073597695169392,1.7077651481254097,19.32799,1.799182431769916,0.07970880832717507,0.16101177046841228,0.2823274841866712,1.7760422574339652,19.061729,19.001217,5.803321057744297,1.40625,0.0975403733060136,5.788350422792512,2.094727,2.700084044192054,5.765262644401571,1.554980856067139,0.09728509799744355,0.10555407188784442,0.524393,18.918804540199638,6770.863789865604,6766.463459692056,6768.499976269189,18.069309,6810.765521999997,18.909099209449565,0.07716833555089941,0.14571793779292713,0.008573974478043764,1.826172,0.09755800739741695,0.524393,0.0647801714955262,18.311363,0.21361422759612836,0.0023088467030511926,1.2626029565550219,0.670878,0.0,0.10053335142049652,1.885730236478882,1.68457,0.21135691840647636
9412570.944202548,0.03305435848026391,24.516586633081232,1752.0,1.398795344109527,968207.035739,968244.91365,3.5814390648350867,8508.0,0.6357727223623901,0.025639742283051836,0.9329963487590838,0.03772477431566686,1.6403139366960613,1.977539,1.538086,1.8679214752217068,2.1077377008415037,1.6982628327425016,19.291681,1.8097608201608524,0.14594006160268377,0.21784523484081325,0.3820210224617014,1.7947634048032626,19.243271,18.299261,6.142758222766506,1.274414,0.09546247115119492,6.104510663776819,2.231445,4.405598944607236,6.0494071914313166,1.7961864445480042,0.09538803145020384,0.10962480471598739,0.524393,18.543595627389045,6397.858678646156,6397.145610085604,6397.465956833883,17.863564,7264.521635000001,18.51987072568433,0.10621008263890266,0.16813482818870124,0.015659372899894223,1.806641,0.09533255436594833,0.74412,0.03377074839836925,17.948282,0.10137324621942617,0.004476582778511113,1.0984406573675853,4.992167,1.0,0.10359023300173972,1.5866475535115194,1.708984,0.059155685789167155
12934931.567763,0.03989209075620374,40.0269573974023,4852.0,1.3776447483818328,2039441.4721549999,2039819.2492520006,4.086184959000679,25034.0,0.47505557751783806,0.02645038296156947,0.9440162239998738,0.03999050994356356,1.6419555146196967,2.06543,1.450195,1.8673027654390562,2.1225581369215716,1.6997312188565543,18.892292,1.8086867855437996,0.18959184832002532,0.2482623833239459,0.43542146056438846,1.8071173789740629,18.335569,18.275055,6.369243445963189,1.196289,0.09423005517655685,6.322791639116854,2.304688,4.282743317597757,6.2560378671512105,1.9506706977863368,0.09531837879602258,0.10994648124463698,2.208964,18.491979208254886,6332.06175185988,6331.534420367096,6331.760677840219,17.984591,19000.084230000008,18.481968375608872,0.09897067192013728,0.1710561676968557,0.012827136535859223,1.904297,0.0957989739162093,4.625956,0.016813356624563288,18.081413,0.10390241619357518,0.0036945818700717366,0.6932843254740707,5.065409,1.0,0.10340750674082161,0.7232672039951145,1.611328,0.31075315775329215
14863733.09010392,0.0441900755454954,37.539395373852145,3994.0,1.2982415412084867,1595082.4615449999,1595120.351154,6.325496812191053,22230.0,0.9983175834545641,0.029712132509586705,0.944425738315777,0.043180123561994035,1.6143742720198757,2.099609,1.416016,1.8936160029433589,2.194257393471966,1.6863801570577883,18.456596,1.821843675735667,0.23783765726372433,0.2780260329880599,0.4876860232400805,1.8206349216785747,18.238749,18.154028,6.618293164549942,1.118164,0.09278916321739271,6.554453322088795,2.382812,5.309705046182627,6.463652532256158,2.00223415263316,0.09425263634426928,0.11229182885453737,3.454081,18.294995662948242,6143.833392145601,6143.41193131247,6143.611385340087,17.464176,13275.361545000002,18.27216040803086,0.1418166297516723,0.17609248508734554,0.019499756980120117,1.899414,0.09259347769350713,5.285135,0.022106012995313166,17.851461,0.06848123662352404,0.005590578467735779,0.868876954722098,5.871073,1.0,0.10461188842297493,0.5896168653815463,1.625977,0.3318065615679591
13318740.326507332,0.039675675201150236,33.43313546780258,3374.0,1.3138119642124724,1555832.198499,1555832.2101969996,4.565266205819939,16989.0,0.5091198699259772,0.02791977978765238,0.9428258079434627,0.04163389697208022,1.6155884663674813,2.060547,1.455078,1.8913336117712807,2.179543568149884,1.6860184563416543,18.275055,1.8207006532236085,0.1863093012141248,0.2461928794482105,0.43163561161484904,1.805592867984425,18.141926,18.045105,6.345456332975838,1.196289,0.09416408037369355,6.297912872675161,2.304688,4.7797637208667165,6.230191345984415,1.9027816818148922,0.09523692489186,0.11005265864100335,3.74705,18.193742220552547,6037.086512392086,6036.760083946903,6036.914336278037,17.742537,12914.551305000005,18.176610384732605,0.13030310339462825,0.16652637141171844,0.01873042487414693,1.889648,0.0943280470028255,4.845682,0.021520472866692883,17.88777,0.07820479252563929,0.00543281578316904,0.889378049195201,5.285135,1.0,0.1028895483239254,0.7945360162885744,1.630859,0.19105141565080613
9705718.219747268,0.04054305556042099,41.118457877186714,4644.0,1.3319438307559897,1145276.789404,1145412.7121580003,2.03082661149996,50723.0,1.1424341489954803,0.025161867027444915,0.9358822079251673,0.03855213567839196,1.6493137857960765,2.304688,1.21582,1.8594481376767142,2.1656018715959093,1.7053951249545773,18.989115,1.80396288178104,0.4583948036828144,0.38548505056069576,0.6770485977260527,1.8823330485440448,18.904396,18.783369,7.796295466181654,0.629883,0.08716393608489445,7.7301412443274895,2.822266,3.459040129004398,7.636172248793816,2.1361141835748154,0.09674574797062234,0.10667158828997177,0.524393,18.538013132434468,6378.833323374401,6376.130666149517,6377.379683655408,17.573099,13425.224703000004,18.522822180249204,0.11938871211367819,0.16441280923850018,0.008385693830153581,1.992188,0.08697813546160597,0.670878,0.026916433127174334,17.960386,0.06997687697588291,0.0020503875448653367,1.2040282712042671,0.74412,1.0,0.10857589589102885,-0.4315768549551149,1.52832,0.16776490626207963
9076065.873635447,0.03438025088532997,26.69437228008648,2302.0,1.3518566403373888,1081287.676753,1081324.8222420001,2.826964992669472,12777.0,0.3018895372151906,0.026136925358378645,0.9399389520790642,0.03903932896688087,1.6284217696033796,2.036133,1.479492,1.880000979662959,2.147932552169326,1.692701001597808,19.098038,1.8154234437742487,0.17649573515923994,0.23956978439234197,0.42011395496845844,1.8032395382546114,18.480801,18.359774,6.301679645653748,1.220703,0.09461520273034003,6.263646569952457,2.285156,4.175902211451125,6.208992145575465,1.9013089040756148,0.09592807711319822,0.10849297209764666,0.670878,18.451813286161045,6295.778210271889,6295.16475586907,6295.411252363114,17.899872,8902.525305,18.436316083408,0.10955152129436302,0.1734583539298072,0.016089725980212053,1.865234,0.0943999155532431,3.454081,0.030338606030647555,17.996695,0.1277375246615668,0.004739661038775574,1.004976254656558,4.406229,1.0,0.10183964787779382,1.018339640347257,1.655273,0.23990901507661888
10889620.157958485,0.03991905388183911,31.86329593043782,2978.0,1.3971248360945563,1174037.80451,1174075.6941190003,4.620734659493774,18628.0,0.8032848016140373,0.02735001336183859,0.9405694255041365,0.040327699091394976,1.6446652515630684,2.060547,1.464844,1.864113653935908,2.1027169302387176,1.700980416381816,19.061729,1.8077078351895846,0.23829282958401773,0.2782630666103496,0.48815246551053876,1.8209353184492605,18.795471,18.081413,6.623377028160293,1.118164,0.09275183091465206,6.5661713247077875,2.382812,4.902440598773218,6.484782167800107,1.924843676261026,0.09519892437199359,0.11010570112993923,0.670878,18.296464589344634,6142.414310233381,6141.762126212115,6142.044916093091,17.343149,9560.094457000003,18.27658588253691,0.10897708642165425,0.17144909139497594,0.015153421996481257,1.831055,0.092606127956175,0.817362,0.02659423436664885,17.730434,0.07932461625849666,0.004404997543721383,0.944418681471316,5.797831,1.0,0.1073296467885183,0.8692916124436953,1.694336,0.3298286344200962
10897190.383983696,0.03395683443492368,30.069077834536444,2420.0,1.4568046552544722,1195291.167568,1195395.2065729997,4.218022074563282,12945.0,0.7198137002479693,0.02382932798064232,0.9353016916367305,0.03683870435547734,1.6640318839617552,1.99707,1.518555,1.8434957896389375,2.047688930992501,1.7108710490099934,19.061729,1.7970483376802897,0.16360122341014494,0.23065263834826738,0.40447648066376485,1.7996597510757422,19.013319,18.892292,6.234633766167228,1.274414,0.09495134511724383,6.192599403340517,2.231445,4.108677981236938,6.132225726159336,1.8005556352166434,0.09602535195776507,0.10822601177739646,0.524393,18.450823791733413,6297.591939759386,6296.636876636497,6297.020275410117,17.415766,9879.503281,18.431169601847774,0.07498899556509767,0.16200024747030356,0.009776951277518608,1.84082,0.09453314557854348,0.670878,0.020715326660800705,17.682024,0.06027301277133787,0.0027403132556278317,1.1039528779829628,0.817362,1.0,0.10796225682562967,1.7411035622804758,1.674805,0.14927271227452707
10609391.494306142,0.03296122361985499,30.34297394216808,2360.0,1.4940636733883026,1196246.5076199998,1196419.136411,3.9324823235343684,13520.0,0.5919170994891636,0.022984918098282063,0.9354813689962381,0.035988064322812624,1.6767630108064693,1.99707,1.518555,1.8303275163633026,2.009173160453981,1.7170399850798759,19.049627,1.7902605465887171,0.15725384985564386,0.2261128680434518,0.3965524553645379,1.7980549770916896,18.977011,18.88019,6.202183072728679,1.293945,0.09511361627441417,6.163678250877218,2.216797,3.7343286069560278,6.108181175339252,1.808671157087461,0.09644676388333999,0.10730301021201717,0.524393,18.5096765389165,6354.5803565294345,6352.933949091894,6353.652059624529,17.452072,10560.215707000001,18.491782950852727,0.0525968330614848,0.16195877447063523,0.005968324102881031,1.855469,0.09553867265865745,0.670878,0.021249500599280862,17.694126,0.05826304334511855,0.0016350128747127314,1.1724429963023613,0.74412,1.0,0.11007365336578272,1.883530834819065,1.669922,0.20178910307630843
6767970.725533923,0.02515189611858937,19.645432977929513,1018.0,1.564034096675063,727494.865011,727669.6793680002,3.3261246865104748,4929.0,0.2894007768808708,0.01988480526604498,0.9230412571262364,0.031010010970927045,1.6975076212722477,1.928711,1.582031,1.8091102899570974,1.9387447741286932,1.7266298293008477,18.977011,1.7804147888397326,0.09946273272608629,0.17987295989666482,0.315377127778928,1.7814707418137432,18.964909,18.795471,5.903086940027865,1.386719,0.09689628233496432,5.880548194178084,2.124023,3.1184417828099296,5.847330425262783,1.5915292489780173,0.0972641250685683,0.10552811430738616,0.524393,18.544206013335774,6387.093881674539,6384.911376415584,6385.912127664155,17.718332,5869.018896,18.528258438215683,0.02927114541960723,0.15132593938562808,0.002850529565497588,1.806641,0.09669351375155964,0.524393,0.03469984229292375,17.948282,0.06431649055315933,0.0007330763235992971,1.4080276586017528,0.670878,0.0,0.10400271894303405,2.6561197340099194,1.708984,0.12811128634119584
9026767.756961819,0.03375941792688941,25.843950467714105,1950.0,1.3539607622275867,843649.111088,843682.020228,4.56146201118927,9761.0,0.5137679115155754,0.025009218289085547,0.9304706837307198,0.037366334808259585,1.6248596017071462,1.962891,1.552734,1.8822803562409582,2.1478134021745294,1.6910971498800036,18.989115,1.8172965251379916,0.15536324930551504,0.22477245382718303,0.3941614508111049,1.7973546208417377,18.977011,18.952806,6.190864911960803,1.279297,0.09521630085776671,6.1483295051874505,2.236328,3.888652379369469,6.087379353467712,1.7843013311339269,0.0963818215339233,0.10738117996325695,0.524393,18.40409439344906,6253.271215394013,6252.622467859309,6252.920368121137,17.718332,7324.409554000001,18.38108669965431,0.12225998344175817,0.16568491887905604,0.019162362883949808,1.806641,0.09502939685291857,0.670878,0.03160490412979351,17.827257,0.11352106296729825,0.00560311714595264,1.3234061848832257,0.74412,1.0,0.10436509875675237,1.8067314018161915,1.704102,0.05318491887905605
12022274.09855548,0.03646184453850599,27.876557951518546,2192.0,1.3593593157766866,1076583.442728,1076583.442728,5.452069581321432,12603.0,0.795043331973807,0.026599143114852675,0.9367030583458613,0.0388745865904991,1.6299594592162074,2.011719,1.513672,1.8782033148243134,2.1410008046764393,1.6942312046005459,18.952806,1.8141838440741573,0.1934745500964221,0.25077867068904525,0.4398574201902499,1.8082791524676913,18.904396,18.033003,6.388201628083195,1.210938,0.09423606405486286,6.338363084491583,2.294922,5.057611633380938,6.26664244051374,1.8697537098116,0.09515935057125677,0.11008519166099279,0.524393,18.170290325791218,6024.207960624605,6023.83851873357,6024.011786876122,17.234224,7761.377614,18.141214568701145,0.12251342085572003,0.17152736019242334,0.018353698785908864,1.826172,0.0939688250387582,0.74412,0.02826217678893566,17.633614,0.06339653455190897,0.005255232595735937,1.0990775405836388,5.358377,1.0,0.10860873139137271,1.3785292399486546,1.694336,0.08387045249549008
8167828.414754961,0.028768568768775097,22.530371467388534,1238.0,1.5242140299100781,783831.692612,783869.362494,3.3311712043805417,5886.0,0.4990917238929247,0.023632154882154883,0.9252588515341541,0.03488531144781145,1.6758141915754112,1.923828,1.582031,1.8311168798094413,1.9832168737519025,1.7157268737761475,18.916498,1.7915054051449657,0.12459109786325007,0.20134461475714602,0.3529746419549853,1.7882688259702162,18.904396,18.868088,6.029409328425305,1.347656,0.09618869743361982,5.994178268563014,2.163086,4.123891848137626,5.944437389213887,1.699467498198455,0.0962857744107744,0.10761673801844884,0.524393,18.311689428415857,6158.9853228168295,6158.41202982263,6158.649681306218,17.306841,5468.3007830000015,18.289917736721378,0.05413672273981604,0.15496106902356901,0.009837222516016673,1.782227,0.09614018941007847,0.670878,0.03001367845117845,17.48838,0.4965829667894958,0.00278484221289967,1.2356016547561697,0.74412,0.0,0.10282731471591341,2.655474200091098,1.723633,0.14577020202020202
7843764.844925048,0.029522621595530867,23.3752801155635,1394.0,1.507633033865682,774220.12524,774329.2179569999,3.847779880411071,7346.0,0.503411210454098,0.022830857528696825,0.9230431994595247,0.03367656988521269,1.6729252135700274,1.9072268000000285,1.611328,1.8346752720907398,1.9950164657862697,1.713751624916658,18.819677,1.794319604700291,0.1351003840568341,0.20966854939267152,0.36756004143110294,1.7911712838150684,18.807573,18.771265,6.079959550392825,1.337891,0.09587589407690528,6.042102406037114,2.172852,4.084704264205984,5.98842812691887,1.7005082958879794,0.09637175050641458,0.10744952354704208,0.524393,18.23735750857381,6082.240484676631,6081.505803640205,6081.789012427008,17.415766,5596.514808,18.217737458711387,0.06004816003800996,0.15850776502363267,0.009558361165154232,1.772461,0.09566250890800543,0.670878,0.02928236833220797,17.548895,0.5272325820391243,0.0027569316769591873,1.2165211004945056,0.74412,0.0,0.10625749185836207,2.7334921508845227,1.733398,0.09149223497636733
